{
    "cameras": [
        {
            "location": [
                7.358891487121582,
                -6.925790786743164,
                4.958309173583984
            ],
            "gaze_vector": [
                -0.6515582203865051,
                0.6141704320907593,
                -0.44527149200439453
            ],
            "focal_length": 50.0,
            "sensor_width": 36.0,
            "sensor_height": 24.0,
            "up_vector": [
                -0.32401347160339355,
                0.3054208755493164,
                0.8953956365585327
            ]
        }
    ],
    "cubes": [
        {
            "translation": [
                2.4946694374084473,
                1.3036218881607056,
                -0.10631272196769714
            ],
            "rotation": [
                0.0,
                0.0,
                0.0
            ],
            "scale": 1.0,
            "material": {
                "diffuse_color": [
                    0.7495809197425842,
                    0.0967804491519928,
                    0.8000156879425049
                ],
                "specular_color": [
                    0.15420523285865784,
                    0.18481963872909546,
                    0.8000074625015259
                ],
                "roughness": 0.10000000149011612,
                "k_ambient": 0.1,
                "k_diffuse": 0.9,
                "k_specular": 0.3,
                "reflectivity": 0.5,
                "transparency": 0.0,
                "refractive_index": 1.0,
                "texture_file": ""
            }
        },
        {
            "translation": [
                -1.2083531618118286,
                -1.8532518148422241,
                -1.3868094682693481
            ],
            "rotation": [
                0.0,
                0.0,
                0.0
            ],
            "scale": -0.6583807468414307,
            "material": {
                "diffuse_color": [
                    0.7495809197425842,
                    0.0967804491519928,
                    0.8000156879425049
                ],
                "specular_color": [
                    0.15420523285865784,
                    0.18481963872909546,
                    0.8000074625015259
                ],
                "roughness": 0.10000000149011612,
                "k_ambient": 0.1,
                "k_diffuse": 0.9,
                "k_specular": 0.3,
                "reflectivity": 0.0,
                "transparency": 0.0,
                "refractive_index": 1.0,
                "texture_file": ""
            }
        },
        {
            "translation": [
                -2.532975673675537,
                -0.6331467628479004,
                0.4088118374347687
            ],
            "rotation": [
                0.0,
                0.0,
                0.0
            ],
            "scale": 1.0,
            "material": {
                "diffuse_color": [
                    0.7495809197425842,
                    0.0967804491519928,
                    0.8000156879425049
                ],
                "specular_color": [
                    0.15420523285865784,
                    0.18481963872909546,
                    0.8000074625015259
                ],
                "roughness": 0.10000000149011612,
                "k_ambient": 0.1,
                "k_diffuse": 0.9,
                "k_specular": 0.3,
                "reflectivity": 0.0,
                "transparency": 0.0,
                "refractive_index": 1.0,
                "texture_file": ""
            }
        }
    ],
    "lights": [
        {
            "location": [
                4.076245307922363,
                1.0054539442062378,
                5.903861999511719
            ],
            "intensity": 300.0,
            "color": [
                1.0,
                1.0,
                1.0
            ]
        }
    ],
    "planes": [
        {
            "corners": [
                [
                    -1.593696117401123,
                    1.3596878051757812,
                    1.305044412612915
                ],
                [
                    0.2895607352256775,
                    1.3596878051757812,
                    1.305044412612915
                ],
                [
                    -1.593696117401123,
                    2.8799362182617188,
                    1.305044412612915
                ],
                [
                    0.2895607352256775,
                    2.8799362182617188,
                    1.305044412612915
                ]
            ],
            "material": {
                "diffuse_color": [
                    0.16928055882453918,
                    0.8000229597091675,
                    0.1006540060043335
                ],
                "specular_color": [
                    0.15420523285865784,
                    0.18481963872909546,
                    0.8000074625015259
                ],
                "roughness": 0.10000000149011612,
                "k_ambient": 0.1,
                "k_diffuse": 0.9,
                "k_specular": 0.3,
                "reflectivity": 0.0,
                "transparency": 0.0,
                "refractive_index": 1.0,
                "texture_file": ""
            }
        },
        {
            "corners": [
                [
                    -0.5761555433273315,
                    -0.8692447543144226,
                    1.1708509922027588
                ],
                [
                    0.8209670782089233,
                    -0.8692447543144226,
                    1.1708509922027588
                ],
                [
                    -0.5761555433273315,
                    0.2585744261741638,
                    1.1708509922027588
                ],
                [
                    0.8209670782089233,
                    0.2585744261741638,
                    1.1708509922027588
                ]
            ],
            "material": {
                "diffuse_color": [
                    0.16928055882453918,
                    0.8000229597091675,
                    0.1006540060043335
                ],
                "specular_color": [
                    0.15420523285865784,
                    0.18481963872909546,
                    0.8000074625015259
                ],
                "roughness": 0.10000000149011612,
                "k_ambient": 0.1,
                "k_diffuse": 0.9,
                "k_specular": 0.3,
                "reflectivity": 0.0,
                "transparency": 0.0,
                "refractive_index": 1.0,
                "texture_file": ""
            }
        }
    ],
    "spheres": [
        {
            "location": [
                0.328827828168869,
                -0.9256480932235718,
                -1.9694033861160278
            ],
            "radius": 1.0,
            "material": {
                "diffuse_color": [
                    0.07212983071804047,
                    0.06064321845769882,
                    0.8000156879425049
                ],
                "specular_color": [
                    0.15420523285865784,
                    0.18481963872909546,
                    0.8000074625015259
                ],
                "roughness": 0.10000000149011612,
                "k_ambient": 0.1,
                "k_diffuse": 0.9,
                "k_specular": 0.3,
                "reflectivity": 0.0,
                "transparency": 0.0,
                "refractive_index": 1.0,
                "texture_file": ""
            }
        },
        {
            "location": [
                0.27729764580726624,
                0.12342987209558487,
                -0.2870447635650635
            ],
            "radius": 1.0,