{
    "cameras": [
        {
            "location": [
                7.358891487121582,
                -6.925790786743164,
                4.958309173583984
            ],
            "gaze_vector": [
                -0.6515582203865051,
                0.6141704320907593,
                -0.44527149200439453
            ],
            "focal_length": 50.0,
            "sensor_width": 36.0,
            "sensor_height": 24.0,
            "up_vector": [
                -0.32401347160339355,
                0.3054208755493164,
                0.8953956365585327
            ]
        }
    ],
    "cubes": [
        {
            "translation": [
                2.0292587280273438,
                0.37665316462516785,
                -0.17845650017261505
            ],
            "rotation": [
                0.0,
                0.0,
                0.0
            ],
            "scale": 1.0
        }
    ],
    "lights": [
        {
            "location": [
                4.076245307922363,
                1.0054539442062378,
                5.903861999511719
            ],
            "intensity": 1000.0,
            "color": [
                1.0,
                1.0,
                1.0
            ]
        }
    ],
    "spheres": [
        {
            "location": [
                -0.11870083212852478,
                0.13241246342658997,
                0.3635597825050354
            ],
            "radius": 1.0
        }
    ],
    "render": {
        "resolution_x": 1920,
        "resolution_y": 1080
    }
}