{
    "cameras": [
        {
            "location": [
                0.0,
                -18.0,
                6.0
            ],
            "gaze_vector": [
                0.0,
                0.9659257531166077,
                -0.25881919264793396
            ],
            "focal_length": 35.0,
            "sensor_width": 36.0,
            "sensor_height": 24.0,
            "up_vector": [
                0.0,
                0.25881919264793396,
                0.9659257531166077
            ]
        }
    ],
    "cubes": [
        {
            "translation": [
                -2.0,
                1.0,
                3.0
            ],
            "rotation": [
                0.0,
                0.0,
                0.3490658402442932
            ],
            "scale": 0.7500000596046448,
            "material": {
                "diffuse_color": [
                    0.800000011920929,
                    0.800000011920929,
                    0.800000011920929
                ],
                "specular_color": [
                    1.0,
                    1.0,
                    1.0
                ],
                "roughness": 0.10000000149011612,
                "k_ambient": 0.1,
                "k_diffuse": 0.9,
                "k_specular": 0.3,
                "reflectivity": 0.800000011920929,
                "transparency": 0.0,
                "refractive_index": 1.4500000476837158,
                "texture_file": ""
            }
        }
    ],
    "planes": [
        {
            "corners": [
                [
                    -5.0,
                    -5.0,
                    5.0
                ],
                [
                    5.0,
                    -5.0,
                    5.0
                ],
                [
                    -5.0,
                    5.0,
                    5.0
                ],
                [
                    5.0,
                    5.0,
                    5.0
                ]
            ],
            "material": {
                "diffuse_color": [
                    0.8,
                    0.8,
                    0.8
                ],
                "specular_color": [
                    1.0,
                    1.0,
                    1.0
                ],
                "roughness": 0.5,
                "k_ambient": 0.1,
                "k_diffuse": 0.9,
                "k_specular": 0.3,
                "reflectivity": 0.0,
                "transparency": 0.0,
                "refractive_index": 1.0,
                "texture_file": ""
            }
        },
        {
            "corners": [
                [
                    -5.0,
                    5.0,
                    0.0
                ],
                [
                    5.0,
                    5.0,
                    0.0
                ],
                [
                    -5.0,
                    5.0,
                    10.0
                ],
                [
                    5.0,
                    5.0,
                    10.0
                ]
            ],
            "material": {
                "diffuse_color": [
                    0.800000011920929,
                    0.800000011920929,
                    0.800000011920929
                ],
                "specular_color": [
                    1.0,
                    1.0,
                    1.0
                ],
                "roughness": 0.800000011920929,
                "k_ambient": 0.1,
                "k_diffuse": 0.9,
                "k_specular": 0.3,
                "reflectivity": 0.0,
                "transparency": 0.0,
                "refractive_index": 1.4500000476837158,
                "texture_file": ""
            }
        },
        {
            "corners": [
                [
                    -5.0,
                    5.0,
                    10.0
                ],
                [
                    5.0,
                    5.0,
                    10.0
                ],
                [
                    -5.0,
                    -5.0,
                    10.0
                ],
                [
                    5.0,
                    -5.0,
                    10.0
                ]
            ],
            "material": {
                "diffuse_color": [
                    0.800000011920929,
                    0.800000011920929,
                    0.800000011920929
                ],
                "specular_color": [
                    1.0,
                    1.0,
                    1.0
                ],
                "roughness": 0.800000011920929,
                "k_ambient": 0.1,
                "k_diffuse": 0.9,
                "k_specular": 0.3,
                "reflectivity": 0.0,
                "transparency": 0.0,
                "refractive_index": 1.4500000476837158,
                "texture_file": ""
            }
        },
        {
            "corners": [
                [
                    -5.0,
                    -5.0,
                    0.0
                ],
                [
                    5.0,
                    -5.0,
                    0.0
                ],
                [
                    -5.0,
                    5.0,
                    0.0
                ],
                [
                    5.0,
                    5.0,
                    0.0
                ]
            ],
            "material": {
                "diffuse_color": [
                    0.800000011920929,
                    0.800000011920929,
                    0.800000011920929
                ],
                "specular_color": [
                    1.0,
                    1.0,
                    1.0
                ],
                "roughness": 0.800000011920929,
                "k_ambient": 0.1,
                "k_diffuse": 0.9,
                "k_specular": 0.3,
                "reflectivity": 0.0,
                "transparency": 0.0,
                "refractive_index": 1.4500000476837158,
                "texture_file": ""
            }
        },
        {
            "corners": [
                [
                    -5.0,
                    -5.0,
                    10.0
                ],
                [
                    -5.0,
                    -5.0,
                    0.0
                ],
                [
                    -5.0,
                    5.0,
                    10.0
                ],
                [
                    -5.0,
                    5.0,
                    0.0
                ]
            ],
            "material": {
                "diffuse_color": [
                    0.6000000238418579,
                    0.10000000149011612,
                    0.10000000149011612
                ],
                "specular_color": [
                    1.0,
                    1.0,
                    1.0
                ],
                "roughness": 0.800000011920929,
                "k_ambient": 0.1,
                "k_diffuse": 0.9,
                "k_specular": 0.3,
                "reflectivity": 0.0,
                "transparency": 0.0,
                "refractive_index": 1.4500000476837158,
                "texture_file": ""
            }
        },
        {
            "corners": [
                [
                    5.0,
                    -5.0,
                    0.0
                ],
                [
                    5.0,
                    -5.0,
                    10.0
                ],
                [
                    5.0,
                    5.0,
                    0.0
                ],
                [
                    5.0,
                    5.0,
                    10.0
                ]
            ],
            "material": {
                "diffuse_color": [
                    0.10000000149011612,
                    0.6000000238418579,
                    0.10000000149011612
                ],